{"cameraMode":{"drawMode":0,"name":"Shaded","section":"Shading Mode"},"sceneLighting":true,"audioPlay":false,"sceneViewState":{"m_AlwaysRefresh":false,"showFog":true,"showSkybox":true,"showFlares":true,"showImageEffects":true,"showParticleSystems":true,"showVisualEffectGraphs":true,"m_FxEnabled":true},"in2DMode":false,"pivot":{"x":-12.790472030639649,"y":2.0016582012176515,"z":15.293472290039063},"rotation":{"x":0.06551370769739151,"y":-0.23687975108623506,"z":0.016055939719080926,"w":0.9692689776420593},"size":26.503877639770509,"orthographic":false}